{
  "01_04_ClickOnFish" : {
    "transaction" : "01_04_ClickOnFish",
    "sampleCount" : 40,
    "errorCount" : 0,
    "errorPct" : 0.0,
    "meanResTime" : 457.3,
    "medianResTime" : 338.5,
    "minResTime" : 312.0,
    "maxResTime" : 1302.0,
    "pct1ResTime" : 931.3,
    "pct2ResTime" : 1283.7499999999984,
    "pct3ResTime" : 1302.0,
    "throughput" : 0.052683291757435594,
    "receivedKBytesPerSec" : 0.2851277372262774,
    "sentKBytesPerSec" : 0.030707053403735772
  },
  "01_01_ClickEnterJPetStoreDemo" : {
    "transaction" : "01_01_ClickEnterJPetStoreDemo",
    "sampleCount" : 60,
    "errorCount" : 0,
    "errorPct" : 0.0,
    "meanResTime" : 542.8666666666669,
    "medianResTime" : 411.5,
    "minResTime" : 280.0,
    "maxResTime" : 1331.0,
    "pct1ResTime" : 962.5,
    "pct2ResTime" : 1265.55,
    "pct3ResTime" : 1331.0,
    "throughput" : 0.07894508316864512,
    "receivedKBytesPerSec" : 1.203262352109544,
    "sentKBytesPerSec" : 0.0698941527350524
  },
  "01_09_ClickOnConfirm" : {
    "transaction" : "01_09_ClickOnConfirm",
    "sampleCount" : 40,
    "errorCount" : 0,
    "errorPct" : 0.0,
    "meanResTime" : 822.0,
    "medianResTime" : 711.5,
    "minResTime" : 652.0,
    "maxResTime" : 2525.0,
    "pct1ResTime" : 994.2999999999998,
    "pct2ResTime" : 2449.049999999994,
    "pct3ResTime" : 2525.0,
    "throughput" : 0.05284706982815454,
    "receivedKBytesPerSec" : 0.33192759439477554,
    "sentKBytesPerSec" : 0.07574574647146722
  },
  "01_10_ClickOnSignOut" : {
    "transaction" : "01_10_ClickOnSignOut",
    "sampleCount" : 39,
    "errorCount" : 0,
    "errorPct" : 0.0,
    "meanResTime" : 1307.5897435897436,
    "medianResTime" : 1261.0,
    "minResTime" : 0.0,
    "maxResTime" : 3565.0,
    "pct1ResTime" : 1816.0,
    "pct2ResTime" : 3565.0,
    "pct3ResTime" : 3565.0,
    "throughput" : 0.05215256363281386,
    "receivedKBytesPerSec" : 0.3087025369882028,
    "sentKBytesPerSec" : 0.06271209962878073
  },
  "01_05_ClickOnProduct" : {
    "transaction" : "01_05_ClickOnProduct",
    "sampleCount" : 40,
    "errorCount" : 0,
    "errorPct" : 0.0,
    "meanResTime" : 370.49999999999994,
    "medianResTime" : 371.0,
    "minResTime" : 289.0,
    "maxResTime" : 473.0,
    "pct1ResTime" : 456.09999999999997,
    "pct2ResTime" : 472.29999999999995,
    "pct3ResTime" : 473.0,
    "throughput" : 0.052944228549645804,
    "receivedKBytesPerSec" : 0.2902108934073847,
    "sentKBytesPerSec" : 0.03173810028828133
  },
  "01_10_ClickOnSignOut-1" : {
    "transaction" : "01_10_ClickOnSignOut-1",
    "sampleCount" : 19,
    "errorCount" : 0,
    "errorPct" : 0.0,
    "meanResTime" : 387.1578947368422,
    "medianResTime" : 323.0,
    "minResTime" : 287.0,
    "maxResTime" : 1215.0,
    "pct1ResTime" : 462.0,
    "pct2ResTime" : 1215.0,
    "pct3ResTime" : 1215.0,
    "throughput" : 0.026050592993761567,
    "receivedKBytesPerSec" : 0.14828860886405704,
    "sentKBytesPerSec" : 0.015846462175224514
  },
  "01_01_ClickEnterJPetStoreDemo-1" : {
    "transaction" : "01_01_ClickEnterJPetStoreDemo-1",
    "sampleCount" : 20,
    "errorCount" : 0,
    "errorPct" : 0.0,
    "meanResTime" : 93.39999999999999,
    "medianResTime" : 90.0,
    "minResTime" : 77.0,
    "maxResTime" : 121.0,
    "pct1ResTime" : 111.80000000000001,
    "pct2ResTime" : 120.55,
    "pct3ResTime" : 121.0,
    "throughput" : 0.02701957838649886,
    "receivedKBytesPerSec" : 0.45170455121155795,
    "sentKBytesPerSec" : 0.010739226956352575
  },
  "01_03_EnterCredsAndClickLogin" : {
    "transaction" : "01_03_EnterCredsAndClickLogin",
    "sampleCount" : 40,
    "errorCount" : 0,
    "errorPct" : 0.0,
    "meanResTime" : 1215.85,
    "medianResTime" : 1267.0,
    "minResTime" : 576.0,
    "maxResTime" : 1823.0,
    "pct1ResTime" : 1725.7,
    "pct2ResTime" : 1818.1499999999996,
    "pct3ResTime" : 1823.0,
    "throughput" : 0.050542127495043714,
    "receivedKBytesPerSec" : 0.304585418722573,
    "sentKBytesPerSec" : 0.0718991378144826
  },
  "01_01_ClickEnterJPetStoreDemo-0" : {
    "transaction" : "01_01_ClickEnterJPetStoreDemo-0",
    "sampleCount" : 20,
    "errorCount" : 0,
    "errorPct" : 0.0,
    "meanResTime" : 228.35,
    "medianResTime" : 223.0,
    "minResTime" : 199.0,
    "maxResTime" : 299.0,
    "pct1ResTime" : 265.20000000000005,
    "pct2ResTime" : 297.34999999999997,
    "pct3ResTime" : 299.0,
    "throughput" : 0.027011477176652362,
    "receivedKBytesPerSec" : 0.014006928106252346,
    "sentKBytesPerSec" : 0.010287574315326582
  },
  "01_10_ClickOnSignOut-0" : {
    "transaction" : "01_10_ClickOnSignOut-0",
    "sampleCount" : 19,
    "errorCount" : 0,
    "errorPct" : 0.0,
    "meanResTime" : 954.4736842105261,
    "medianResTime" : 947.0,
    "minResTime" : 291.0,
    "maxResTime" : 2349.0,
    "pct1ResTime" : 1395.0,
    "pct2ResTime" : 2349.0,
    "pct3ResTime" : 2349.0,
    "throughput" : 0.026013179097999863,
    "receivedKBytesPerSec" : 0.009954159045261562,
    "sentKBytesPerSec" : 0.016279629353271294
  },
  "01_06_ClickOnAddToCart-1" : {
    "transaction" : "01_06_ClickOnAddToCart-1",
    "sampleCount" : 20,
    "errorCount" : 0,
    "errorPct" : 0.0,
    "meanResTime" : 456.2,
    "medianResTime" : 322.0,
    "minResTime" : 285.0,
    "maxResTime" : 1728.0,
    "pct1ResTime" : 1249.300000000002,
    "pct2ResTime" : 1708.4999999999998,
    "pct3ResTime" : 1728.0,
    "throughput" : 0.027025420110155615,
    "receivedKBytesPerSec" : 0.15856320705255364,
    "sentKBytesPerSec" : 0.016147952435936242
  },
  "01_09_ClickOnConfirm-0" : {
    "transaction" : "01_09_ClickOnConfirm-0",
    "sampleCount" : 20,
    "errorCount" : 0,
    "errorPct" : 0.0,
    "meanResTime" : 426.5,
    "medianResTime" : 336.5,
    "minResTime" : 309.0,
    "maxResTime" : 2025.0,
    "pct1ResTime" : 422.8000000000001,
    "pct2ResTime" : 1945.199999999999,
    "pct3ResTime" : 2025.0,
    "throughput" : 0.027013775674905417,
    "receivedKBytesPerSec" : 0.007808669531027347,
    "sentKBytesPerSec" : 0.01946495545090719
  },
  "01_02_ClickOnSignIn" : {
    "transaction" : "01_02_ClickOnSignIn",
    "sampleCount" : 60,
    "errorCount" : 0,
    "errorPct" : 0.0,
    "meanResTime" : 451.8666666666666,
    "medianResTime" : 326.5,
    "minResTime" : 211.0,
    "maxResTime" : 1487.0,
    "pct1ResTime" : 866.6,
    "pct2ResTime" : 1225.0999999999995,
    "pct3ResTime" : 1487.0,
    "throughput" : 0.0770802019501291,
    "receivedKBytesPerSec" : 1.5731687831605452,
    "sentKBytesPerSec" : 0.05669861078994361
  },
  "01_09_ClickOnConfirm-1" : {
    "transaction" : "01_09_ClickOnConfirm-1",
    "sampleCount" : 20,
    "errorCount" : 0,
    "errorPct" : 0.0,
    "meanResTime" : 395.15,
    "medianResTime" : 374.5,
    "minResTime" : 342.0,
    "maxResTime" : 672.0,
    "pct1ResTime" : 496.0000000000001,
    "pct2ResTime" : 663.3999999999999,
    "pct3ResTime" : 672.0,
    "throughput" : 0.027001375720092938,
    "receivedKBytesPerSec" : 0.16178807708690257,
    "sentKBytesPerSec" : 0.01924507233331038
  },
  "01_06_ClickOnAddToCart" : {
    "transaction" : "01_06_ClickOnAddToCart",
    "sampleCount" : 40,
    "errorCount" : 0,
    "errorPct" : 0.0,
    "meanResTime" : 1308.7,
    "medianResTime" : 1256.0,
    "minResTime" : 570.0,
    "maxResTime" : 4200.0,
    "pct1ResTime" : 2493.1999999999985,
    "pct2ResTime" : 4119.549999999993,
    "pct3ResTime" : 4200.0,
    "throughput" : 0.05211746756013379,
    "receivedKBytesPerSec" : 0.3192703847702337,
    "sentKBytesPerSec" : 0.06319751901310364
  },
  "01_06_ClickOnAddToCart-0" : {
    "transaction" : "01_06_ClickOnAddToCart-0",
    "sampleCount" : 20,
    "errorCount" : 0,
    "errorPct" : 0.0,
    "meanResTime" : 852.1999999999999,
    "medianResTime" : 912.0,
    "minResTime" : 285.0,
    "maxResTime" : 2863.0,
    "pct1ResTime" : 1172.8,
    "pct2ResTime" : 2778.549999999999,
    "pct3ResTime" : 2863.0,
    "throughput" : 0.027000719569176518,
    "receivedKBytesPerSec" : 0.006987490904132595,
    "sentKBytesPerSec" : 0.016607815645161943
  },
  "Total" : {
    "transaction" : "Total",
    "sampleCount" : 437,
    "errorCount" : 0,
    "errorPct" : 0.0,
    "meanResTime" : 597.9839816933633,
    "medianResTime" : 360.0,
    "minResTime" : 77.0,
    "maxResTime" : 5205.0,
    "pct1ResTime" : 1261.0,
    "pct2ResTime" : 1396.7999999999993,
    "pct3ResTime" : 3298.2400000000034,
    "throughput" : 0.4587290790147717,
    "receivedKBytesPerSec" : 2.973440663931613,
    "sentKBytesPerSec" : 0.34565932365540947
  },
  "01_07_ClickOnProceedToCheckOut" : {
    "transaction" : "01_07_ClickOnProceedToCheckOut",
    "sampleCount" : 40,
    "errorCount" : 0,
    "errorPct" : 0.0,
    "meanResTime" : 563.55,
    "medianResTime" : 329.0,
    "minResTime" : 289.0,
    "maxResTime" : 4261.0,
    "pct1ResTime" : 817.9999999999994,
    "pct2ResTime" : 4090.7499999999854,
    "pct3ResTime" : 4261.0,
    "throughput" : 0.05289242210268535,
    "receivedKBytesPerSec" : 0.31182768772842917,
    "sentKBytesPerSec" : 0.03165539148987375
  },
  "01_03_EnterCredsAndClickLogin-0" : {
    "transaction" : "01_03_EnterCredsAndClickLogin-0",
    "sampleCount" : 20,
    "errorCount" : 0,
    "errorPct" : 0.0,
    "meanResTime" : 867.0500000000001,
    "medianResTime" : 946.5,
    "minResTime" : 286.0,
    "maxResTime" : 1413.0,
    "pct1ResTime" : 1297.7,
    "pct2ResTime" : 1407.25,
    "pct3ResTime" : 1413.0,
    "throughput" : 0.026998787754429827,
    "receivedKBytesPerSec" : 0.006644232923941715,
    "sentKBytesPerSec" : 0.02021876991160597
  },
  "01_03_EnterCredsAndClickLogin-1" : {
    "transaction" : "01_03_EnterCredsAndClickLogin-1",
    "sampleCount" : 20,
    "errorCount" : 0,
    "errorPct" : 0.0,
    "meanResTime" : 348.4,
    "medianResTime" : 320.0,
    "minResTime" : 289.0,
    "maxResTime" : 428.0,
    "pct1ResTime" : 427.8,
    "pct2ResTime" : 428.0,
    "pct3ResTime" : 428.0,
    "throughput" : 0.027025602704722318,
    "receivedKBytesPerSec" : 0.15621537344653458,
    "sentKBytesPerSec" : 0.01820665236899677
  },
  "01_08_EnterPaymentDetailsAndContinue" : {
    "transaction" : "01_08_EnterPaymentDetailsAndContinue",
    "sampleCount" : 40,
    "errorCount" : 0,
    "errorPct" : 0.0,
    "meanResTime" : 619.2500000000002,
    "medianResTime" : 328.5,
    "minResTime" : 291.0,
    "maxResTime" : 5205.0,
    "pct1ResTime" : 938.8999999999993,
    "pct2ResTime" : 4994.249999999982,
    "pct3ResTime" : 5205.0,
    "throughput" : 0.05267531331934804,
    "receivedKBytesPerSec" : 0.3012266598978889,
    "sentKBytesPerSec" : 0.05225607132369112
  }
}